City,Murder_I,Murder_V,Murder_R,CulpHomicide_I,CulpHomicide_V,CulpHomicide_R,DeathByNeg_Total_I,DeathByNeg_Total_V,DeathByNeg_Total_R,Death_RoadAccident_Total_I,Death_RoadAccident_Total_V,Death_RoadAccident_Total_R,Death_HitAndRun_I,Death_HitAndRun_V,Death_HitAndRun_R,Death_OtherAccidents_I,Death_OtherAccidents_V,Death_OtherAccidents_R,Death_RailAccident_I,Death_RailAccident_V,Death_RailAccident_R,Death_MedicalNeg_I,Death_MedicalNeg_V,Death_MedicalNeg_R,Death_CivicNeg_I,Death_CivicNeg_V,Death_CivicNeg_R,Death_OtherNeg_I,Death_OtherNeg_V,Death_OtherNeg_R,DowryDeath_I,DowryDeath_V,DowryDeath_R,AbetmentSuicide_I,AbetmentSuicide_V,AbetmentSuicide_R,AttemptMurder_I,AttemptMurder_V,AttemptMurder_R,AttemptCulpHomicide_I,AttemptCulpHomicide_V,AttemptCulpHomicide_R,AttemptSuicide_I,AttemptSuicide_V,AttemptSuicide_R,Infanticide_Etc_I,Infanticide_Etc_V,Infanticide_Etc_R,Hurt_Total_I,Hurt_Total_V,Hurt_Total_R,Hurt_Simple_Total_I,Hurt_Simple_Total_V,Hurt_Simple_Total_R,Hurt_Simple_Voluntary_I,Hurt_Simple_Voluntary_V,Hurt_Simple_Voluntary_R,Hurt_Simple_DangerousWeapon_I,Hurt_Simple_DangerousWeapon_V,Hurt_Simple_DangerousWeapon_R,Hurt_Simple_PublicServant_I,Hurt_Simple_PublicServant_V,Hurt_Simple_PublicServant_R,Hurt_Simple_EndangeringLife_I,Hurt_Simple_EndangeringLife_V,Hurt_Simple_EndangeringLife_R,Hurt_Simple_Other_I,Hurt_Simple_Other_V,Hurt_Simple_Other_R,Hurt_Grievous_Total_I,Hurt_Grievous_Total_V,Hurt_Grievous_Total_R,Hurt_Grievous_Voluntary_I,Hurt_Grievous_Voluntary_V,Hurt_Grievous_Voluntary_R,Hurt_Grievous_DangerousWeapon_I,Hurt_Grievous_DangerousWeapon_V,Hurt_Grievous_DangerousWeapon_R,Hurt_Grievous_AcidAttack_I,Hurt_Grievous_AcidAttack_V,Hurt_Grievous_AcidAttack_R,Hurt_Grievous_AttemptAcidAttack_I,Hurt_Grievous_AttemptAcidAttack_V,Hurt_Grievous_AttemptAcidAttack_R,Hurt_Grievous_PublicServant_I,Hurt_Grievous_PublicServant_V,Hurt_Grievous_PublicServant_R,Hurt_Grievous_EndangeringLife_I,Hurt_Grievous_EndangeringLife_V,Hurt_Grievous_EndangeringLife_R,Hurt_Grievous_Other_I,Hurt_Grievous_Other_V,Hurt_Grievous_Other_R,WrongfulRestraint_I,WrongfulRestraint_V,WrongfulRestraint_R,AssaultWomen_Total_I,AssaultWomen_Total_V,AssaultWomen_Total_R,AssaultWomen_354_I,AssaultWomen_354_V,AssaultWomen_354_R,SexualHarassment_Total_I,SexualHarassment_Total_V,SexualHarassment_Total_R,SexualHarassment_Work_I,SexualHarassment_Work_V,SexualHarassment_Work_R,SexualHarassment_Transport_I,SexualHarassment_Transport_V,SexualHarassment_Transport_R,SexualHarassment_Shelter_I,SexualHarassment_Shelter_V,SexualHarassment_Shelter_R,SexualHarassment_OtherPlace_I,SexualHarassment_OtherPlace_V,SexualHarassment_OtherPlace_R,AssaultWomen_Disrobe_I,AssaultWomen_Disrobe_V,AssaultWomen_Disrobe_R,Voyeurism_I,Voyeurism_V,Voyeurism_R,Stalking_I,Stalking_V,Stalking_R,Kidnapping_Total_I,Kidnapping_Total_V,Kidnapping_Total_R,Kidnapping_363_I,Kidnapping_363_V,Kidnapping_363_R,Kidnapping_MissingChildren_I,Kidnapping_MissingChildren_V,Kidnapping_MissingChildren_R,Kidnapping_Other_I,Kidnapping_Other_V,Kidnapping_Other_R,Kidnapping_Begging_I,Kidnapping_Begging_V,Kidnapping_Begging_R,Kidnapping_Murder_I,Kidnapping_Murder_V,Kidnapping_Murder_R,Kidnapping_Ransom_I,Kidnapping_Ransom_V,Kidnapping_Ransom_R,Kidnapping_Marriage_I,Kidnapping_Marriage_V,Kidnapping_Marriage_R,ProcurationMinor_I,ProcurationMinor_V,ProcurationMinor_R,ImportationGirls_I,ImportationGirls_V,ImportationGirls_R,Kidnapping_OtherIPC_I,Kidnapping_OtherIPC_V,Kidnapping_OtherIPC_R,HumanTrafficking_370_I,HumanTrafficking_370_V,HumanTrafficking_370_R,ExploitationTrafficked_I,ExploitationTrafficked_V,ExploitationTrafficked_R,SellingMinor_Prostitution_I,SellingMinor_Prostitution_V,SellingMinor_Prostitution_R,BuyingMinor_Prostitution_I,BuyingMinor_Prostitution_V,BuyingMinor_Prostitution_R,Rape_I,Rape_V,Rape_R,AttemptRape_I,AttemptRape_V,AttemptRape_R,UnnaturalOffences_I,UnnaturalOffences_V,UnnaturalOffences_R,HumanBody_Total_I,HumanBody_Total_V,HumanBody_Total_R,Sedition_I,Sedition_V,Sedition_R,StateOffences_Other_I,StateOffences_Other_V,StateOffences_Other_R,StateOffences_Total_I,StateOffences_Total_V,StateOffences_Total_R,UnlawfulAssembly_I,UnlawfulAssembly_R,Rioting_Total_I,Rioting_Total_V,Rioting_Total_R,Rioting_Communal_I,Rioting_Communal_V,Rioting_Communal_R,Rioting_Sectarian_I,Rioting_Sectarian_V,Rioting_Sectarian_R,Rioting_Industrial_I,Rioting_Industrial_V,Rioting_Industrial_R,Rioting_Political_I,Rioting_Political_V,Rioting_Political_R,Rioting_Caste_I,Rioting_Caste_V,Rioting_Caste_R,Rioting_Agrarian_I,Rioting_Agrarian_V,Rioting_Agrarian_R,Rioting_Students_I,Rioting_Students_V,Rioting_Students_R,Rioting_MoneyDispute_I,Rioting_MoneyDispute_V,Rioting_MoneyDispute_R,Rioting_WaterDispute_I,Rioting_WaterDispute_V,Rioting_WaterDispute_R,Rioting_LandDispute_I,Rioting_LandDispute_V,Rioting_LandDispute_R,Rioting_FamilyDisputes_I,Rioting_FamilyDisputes_V,Rioting_FamilyDisputes_R,Rioting_Enmity_I,Rioting_Enmity_V,Rioting_Enmity_R,Rioting_PowerDisputes_I,Rioting_PowerDisputes_V,Rioting_PowerDisputes_R,Rioting_Morcha_I,Rioting_Morcha_V,Rioting_Morcha_R,Rioting_AttacksOnPolice_I,Rioting_AttacksOnPolice_V,Rioting_AttacksOnPolice_R,Rioting_Other_I,Rioting_Other_V,Rioting_Other_R,EnmityGroups_Total_I,EnmityGroups_Total_V,EnmityGroups_Total_R,EnmityGroups_153A_I,EnmityGroups_153A_V,EnmityGroups_153A_R,EnmityGroups_153B_I,EnmityGroups_153B_V,EnmityGroups_153B_R,Affray_I,Affray_V,Affray_R,PublicTranquility_Total_I,PublicTranquility_Total_V,PublicTranquility_Total_R,Theft_Total_I,Theft_Total_V,Theft_Total_R,Theft_MotorVehicle_I,Theft_MotorVehicle_V,Theft_MotorVehicle_R,Theft_Other_I,Theft_Other_V,Theft_Other_R,Burglary_Total_I,Burglary_Total_V,Burglary_Total_R,Burglary_Day_I,Burglary_Day_V,Burglary_Day_R,Burglary_Night_I,Burglary_Night_V,Burglary_Night_R,Extortion_I,Extortion_V,Extortion_R,Robbery_I,Robbery_V,Robbery_R,AttemptDacoityRobbery_I,AttemptDacoityRobbery_V,AttemptDacoityRobbery_R,Dacoity_Total_I,Dacoity_Total_V,Dacoity_Total_R,Dacoity_395_I,Dacoity_395_V,Dacoity_395_R,Dacoity_Murder_I,Dacoity_Murder_V,Dacoity_Murder_R,Dacoity_Preparation_I,Dacoity_Preparation_V,Dacoity_Preparation_R,CriminalMisappropriation_I,CriminalMisappropriation_V,CriminalMisappropriation_R,CriminalBreachOfTrust_I,CriminalBreachOfTrust_V,CriminalBreachOfTrust_R,StolenProperty_I,StolenProperty_V,StolenProperty_R,PropertyOffences_Total_I,PropertyOffences_Total_V,PropertyOffences_Total_R,Counterfeiting_Total_I,Counterfeiting_Total_V,Counterfeiting_Total_R,Counterfeiting_Coin_I,Counterfeiting_Coin_V,Counterfeiting_Coin_R,Counterfeiting_Stamp_I,Counterfeiting_Stamp_V,Counterfeiting_Stamp_R,Counterfeiting_Seal_I,Counterfeiting_Seal_V,Counterfeiting_Seal_R,Counterfeiting_Currency_I,Counterfeiting_Currency_V,Counterfeiting_Currency_R,ForgeryCheatingFraud_Total_I,ForgeryCheatingFraud_Total_V,ForgeryCheatingFraud_Total_R,Fraud_420_471_I,Fraud_420_471_V,Fraud_420_471_R,Fraud_Bank_I,Fraud_Bank_V,Fraud_Bank_R,Fraud_ATM_I,"Offences Relating to Documents and Property Marks - Forgery, Cheating and Fraud - Fraud - b) ATMs - V - Col. (339)",Fraud_ATM_R,Fraud_Card_I,Fraud_Card_V,Fraud_Card_R,Fraud_Other_I,Fraud_Other_V,Fraud_Other_R,Cheating_420_I,Cheating_420_V,Cheating_420_R,Forgery_467_474_I,Forgery_467_474_V,Forgery_467_474_R,DocumentsPropertyMarks_Total_I,DocumentsPropertyMarks_Total_V,DocumentsPropertyMarks_Total_R,ElectionsOffences_I,ElectionsOffences_V,ElectionsOffences_R,Disobedience_188_I,Disobedience_188_V,Disobedience_188_R,HarbouringOffender_I,HarbouringOffender_V,HarbouringOffender_R,FoodDrugAdulteration_I,FoodDrugAdulteration_V,FoodDrugAdulteration_R,RashDriving_Total_I,RashDriving_Total_V,RashDriving_Total_R,RashDriving_279_I,RashDriving_279_V,RashDriving_279_R,RashDriving_Hurt_I,RashDriving_Hurt_V,RashDriving_Hurt_R,RashDriving_GrievousHurt_I,RashDriving_GrievousHurt_V,RashDriving_GrievousHurt_R,ObstructionPublicWay_I,ObstructionPublicWay_V,ObstructionPublicWay_R,SaleObscene_I,SaleObscene_V,SaleObscene_R,ObsceneActs_I,ObsceneActs_V,ObsceneActs_R,ReligionOffences_I,ReligionOffences_V,ReligionOffences_R,CheatingImpersonation_I,CheatingImpersonation_V,CheatingImpersonation_R,MischiefOffences_I,MischiefOffences_V,MischiefOffences_R,Arson_I,Arson_V,Arson_R,CriminalTrespass_I,CriminalTrespass_V,CriminalTrespass_R,CrueltyByHusband_I,CrueltyByHusband_V,CrueltyByHusband_R,FakeNews_I,FakeNews_V,FakeNews_R,CriminalIntimidation_I,CriminalIntimidation_V,CriminalIntimidation_R,InsultModesty_I,InsultModesty_V,InsultModesty_R,Miscellaneous_Total_I,Miscellaneous_Total_V,Miscellaneous_Total_R,OtherIPCCrimes_I,OtherIPCCrimes_V,OtherIPCCrimes_R,TotalIPCCrimes_I,TotalIPCCrimes_V,TotalIPCCrimes_R
Ahmedabad (Gujarat),100,104,1.6,7,17,0.1,468,493,7.4,464,488,7.3,51,51,0.8,413,437,6.5,0,0,0,0,0,0.0,0,0,0.0,4,5,0.1,2,2,0.1,61,62,1.0,123,127,1.9,5,5,0.1,0,0,0.0,10,10,0.2,1451,1463,22.8,1055,1061,16.6,0,0,0.0,996,1002,15.7,26,26,0.4,24,24,0.4,9,9,0.1,396,402,6.2,268,269,4.2,118,123,1.9,5,5,0.1,2,2,0,1,1,0.0,2,2,0.0,0,0,0.0,1,1,0.0,151,151,5.0,47,47,1.6,68,68,2.3,1,1,0.0,0,0,0.0,0,0,0.0,67,67,2.2,12,12,0.4,1,1,0.0,23,23,0.8,263,267,4.1,198,202,3.1,40,40,,158,162,2.5,1,1,,0,0,0.0,5,5,0.1,39,39,1.3,0,0,,0,0,0,20,20,0.3,1,1,0.0,1,1,0.0,0,0,,0,0,,104,104,3.5,0,0,0.0,7,7,0.1,2755,2815,43.4,0,0,0,0,0,0,0,0,0,1,0.0,31,31,0.5,0,0,0,0,0,0,0,0,0,0,0,0.0,0,0,0.0,0,0,0.0,0,0,0.0,0,0,0.0,0,0,0,0,0,0.0,0,0,0.0,0,0,0.0,0,0,0,0,0,0.0,0,0,0,31,31,0.5,8,8,0.1,8,8,0.1,0,0,0,8,8,0.1,48,47,0.8,3187,3189,50.2,1898,1899,29.9,1289,1290,20.3,409,410,6.4,48,48,0.8,361,362,5.7,40,40,0.6,141,142,2.2,0,0,0.0,13,13,0.2,13,13,0.2,0,0,0,0,0,0.0,1,1,0.0,69,69,1.1,5,5,0.1,3865,3869,60.8,3,3,0.0,0,0,0.0,0,0,0,0,0,0,3,3,0.0,519,519,8.2,4,4,0.1,0,0,0.0,1,1,0.0,3,3,0.0,0,0,0.0,391,391,6.2,124,124,2.0,522,522,8.2,0,0,0.0,3388,0,53.3,0,0,0,0,0,0.0,2027,757,31.9,1328,0,20.9,36,36,0.6,663,721,10.4,5495,0,86.5,0,0,0.0,0,0,0.0,1,1,0.0,0,0,0.0,16,16,0.3,28,28,0.4,93,93,1.5,616,617,20.5,2,2,0.0,2079,2079,32.7,2,2,0.1,13747,3595,216.4,1935,1935,30.5,22872,12783,360.1
Bengaluru (Karnataka),173,177,2.0,16,19,0.2,902,945,10.6,769,799,9.0,222,231,2.6,547,568,6.4,0,0,0,3,3,0.0,21,21,0.2,109,122,1.3,29,29,0.7,141,144,1.7,389,419,4.6,11,11,0.1,10,0,0.1,17,17,0.2,2817,3022,33.1,2549,2737,30.0,680,734,8.0,1691,1816,19.9,147,153,1.7,29,29,0.3,2,5,0.0,268,285,3.2,50,56,0.6,136,143,1.6,6,8,0.1,3,3,0,5,5,0.1,66,68,0.8,2,2,0.0,32,32,0.4,757,763,18.7,488,492,12.0,120,122,3.0,8,8,0.2,1,1,0.0,3,3,0.1,108,110,2.7,63,63,1.6,16,16,0.4,70,70,1.7,946,992,11.1,906,947,10.7,865,900,,41,47,0.5,1,1,,4,4,0.0,22,27,0.3,3,3,0.1,1,1,,0,0,0,9,9,0.1,7,50,0.1,0,0,0.0,0,0,,0,0,,151,151,3.7,0,0,0.0,4,4,0.0,6402,6775,75.3,0,0,0,0,0,0,0,0,0,0,0.0,109,116,1.3,0,0,0,0,0,0,1,1,0,5,5,0.1,0,0,0.0,0,0,0.0,0,0,0.0,0,0,0.0,0,0,0,47,50,0.6,2,4,0.0,16,17,0.2,0,0,0,1,1,0.0,0,0,0,37,38,0.4,15,15,0.2,14,14,0.2,1,1,0,104,104,1.2,228,235,2.7,7574,7746,89.1,5064,5146,59.6,2510,2600,29.5,882,907,10.4,180,183,2.1,702,724,8.3,123,129,1.4,603,609,7.1,26,27,0.3,23,23,0.3,23,23,0.3,0,0,0,175,0,2.1,3,3,0.0,147,155,1.7,2,2,0.0,9558,9601,112.5,16,16,0.2,0,0,0.0,0,0,0,0,0,0,16,16,0.2,3082,3473,36.3,469,516,5.5,22,23,0.3,1,1,0.0,2,2,0.0,444,490,5.2,2462,2805,29.0,151,152,1.8,3098,3489,36.5,0,0,0.0,21,21,0.2,0,0,0,4,4,0.0,3179,3746,37.4,476,476,5.6,592,842,7.0,2111,2428,24.8,3904,3906,45.9,0,0,0.0,3,3,0.0,15,15,0.2,2,2,0.0,92,93,1.1,51,51,0.6,426,447,5.0,584,585,14.4,12,12,0.1,411,426,4.8,29,30,0.7,8733,9341,102.8,647,628,7.6,28666,30069,337.3
Chennai (Tamil Nadu),101,103,1.2,2,3,0.0,585,594,6.7,500,507,5.7,43,43,0.5,457,464,5.3,0,0,0,0,0,0.0,3,5,0.0,82,82,0.9,2,2,0.0,15,16,0.2,246,252,2.8,1,1,0.0,29,0,0.3,3,3,0.0,2501,2525,28.8,2391,2408,27.5,727,731,8.4,1517,1527,17.4,41,41,0.5,83,86,1.0,23,23,0.3,110,117,1.3,46,46,0.5,26,28,0.3,1,1,0.0,1,1,0,0,0,0.0,35,40,0.4,1,1,0.0,23,23,0.3,139,139,3.2,77,77,1.8,40,40,0.9,2,2,0.0,2,2,0.0,0,0,0.0,36,36,0.8,4,4,0.1,4,4,0.1,14,14,0.3,31,33,0.4,11,12,0.1,0,0,,11,12,0.1,0,0,,2,2,0.0,5,6,0.1,3,3,0.1,3,3,,0,0,0,7,7,0.1,1,1,0.0,0,0,0.0,0,0,,0,0,,36,36,0.8,0,0,0.0,0,0,0.0,3715,3731,42.7,0,0,0,0,0,0,0,0,0,322,3.7,84,87,1.0,0,0,0,0,0,0,1,1,0,11,12,0.1,0,0,0.0,0,0,0.0,4,4,0.0,5,5,0.1,1,1,0,19,19,0.2,1,1,0.0,25,25,0.3,0,0,0,0,0,0.0,1,1,0,16,18,0.2,14,14,0.2,14,14,0.2,0,0,0,15,15,0.2,435,116,5.0,3230,3234,37.1,1692,1692,19.5,1538,1542,17.7,541,541,6.2,83,83,1.0,458,458,5.3,71,71,0.8,395,395,4.5,18,18,0.2,11,11,0.1,11,11,0.1,0,0,0,10,0,0.1,0,0,0.0,21,21,0.2,0,0,0.0,4297,4291,49.4,6,6,0.1,0,0,0.0,0,0,0,0,0,0,6,6,0.1,1011,1011,11.6,146,146,1.7,63,63,0.7,2,2,0.0,7,7,0.1,74,74,0.9,643,643,7.4,222,222,2.6,1017,1017,11.7,23,23,0.3,220,220,2.5,0,0,0,1,1,0.0,2965,3771,34.1,151,151,1.7,1465,1920,16.8,1349,1700,15.5,5,5,0.1,0,0,0.0,25,25,0.3,17,17,0.2,12,12,0.1,3,3,0.0,12,12,0.1,90,90,1.0,106,106,2.5,10,10,0.1,238,239,2.7,14,14,0.3,3741,4548,43.0,1881,1881,21.6,15086,15584,173.5
Coimbatore (Tamil Nadu),31,31,1.4,0,0,0.0,275,291,12.8,262,278,12.2,49,55,2.3,213,223,9.9,0,0,0,0,0,0.0,0,0,0.0,13,13,0.6,0,0,0.0,0,0,0.0,54,54,2.5,0,0,0.0,0,0,0.0,1,1,0.0,1254,1266,58.3,1241,1253,57.7,746,751,34.7,461,468,21.4,34,34,1.6,0,0,0.0,0,0,0.0,13,13,0.6,13,13,0.6,0,0,0.0,0,0,0.0,0,0,0,0,0,0.0,0,0,0.0,0,0,0.0,0,0,0.0,10,10,0.9,10,10,0.9,0,0,0.0,0,0,0.0,0,0,0.0,0,0,0.0,0,0,0.0,0,0,0.0,0,0,0.0,0,0,0.0,9,11,0.4,9,11,0.4,0,0,,9,11,0.4,0,0,,0,0,0.0,0,0,0.0,0,0,0.0,0,0,,0,0,0,0,0,0.0,0,0,0.0,0,0,0.0,0,0,,0,0,,7,7,0.7,0,0,0.0,0,0,0.0,1641,1671,76.3,0,0,0,0,0,0,0,0,0,131,6.1,44,44,2.0,0,0,0,0,0,0,0,0,0,7,7,0.3,0,0,0.0,0,0,0.0,2,2,0.1,1,1,0.0,0,0,0,4,4,0.2,5,5,0.2,3,3,0.1,0,0,0,0,0,0.0,0,0,0,22,22,1.0,25,25,1.2,25,25,1.2,0,0,0,15,15,0.7,215,84,10.0,1103,1106,51.3,758,758,35.2,345,348,16.0,182,182,8.5,37,37,1.7,145,145,6.7,37,37,1.7,172,172,8.0,0,0,0.0,11,11,0.5,11,11,0.5,0,0,0,0,0,0.0,0,0,0.0,1,1,0.0,0,0,0.0,1506,1509,70.0,2,2,0.1,0,0,0.0,0,0,0,0,0,0,2,2,0.1,258,258,12.0,0,0,0.0,0,0,0.0,0,0,0.0,0,0,0.0,0,0,0.0,258,258,12.0,0,0,0.0,260,260,12.1,0,0,0.0,0,0,0.0,0,0,0,0,0,0.0,826,995,38.4,56,56,2.6,185,256,8.6,585,683,27.2,0,0,0.0,0,0,0.0,0,0,0.0,0,0,0.0,0,0,0.0,0,0,0.0,5,5,0.2,0,0,0.0,35,35,3.3,0,0,0.0,0,0,0.0,0,0,0.0,866,1035,40.3,54,58,2.5,4542,4617,211.2
Delhi City,501,517,3.1,84,121,0.5,1678,1706,10.3,1420,1442,8.7,696,704,4.3,724,738,4.4,0,0,0,2,2,0.0,15,21,0.1,241,241,1.5,129,129,1.7,73,76,0.4,781,815,4.8,664,695,4.1,6,0,0.0,31,32,0.2,5919,6089,36.3,5498,5636,33.7,3563,3660,21.8,1262,1288,7.7,200,203,1.2,321,329,2.0,152,156,0.9,421,453,2.6,306,332,1.9,58,63,0.4,7,7,0.0,7,7,0,1,1,0.0,42,43,0.3,0,0,0.0,33,34,0.2,2002,2016,26.4,886,894,11.7,364,369,4.8,19,19,0.3,3,3,0.0,0,0,0.0,342,347,4.5,374,375,4.9,41,41,0.5,337,337,4.4,5585,5860,34.2,5318,5584,32.6,2660,2785,,2658,2799,16.3,1,2,,0,0,0.0,7,8,0.0,7,7,0.1,0,0,,0,0,0,252,259,1.5,79,511,0.5,0,0,0.0,0,0,,0,0,,1204,1204,15.9,4,4,0.1,53,59,0.3,18826,19868,115.4,0,0,0,0,0,0,0,0,0,0,0.0,66,74,0.4,0,0,0,0,0,0,0,0,0,4,9,0.0,0,0,0.0,0,0,0.0,1,1,0.0,1,1,0.0,0,0,0,2,2,0.0,3,3,0.0,5,5,0.0,0,0,0,1,1,0.0,7,7,0,42,45,0.3,27,27,0.2,26,26,0.2,1,1,0,350,363,2.1,443,464,2.7,205545,332673,1259.9,38069,38069,233.3,167476,294604,1026.5,6189,6210,37.9,2300,2303,14.1,3889,3907,23.8,186,191,1.1,1802,1830,11.0,0,0,0.0,18,20,0.1,18,20,0.1,0,0,0,2,0,0.0,0,0,0.0,263,271,1.6,2,2,0.0,214007,341197,1311.7,34,34,0.2,0,0,0.0,0,0,0,0,0,0,34,34,0.2,4710,6115,28.9,1466,1607,9.0,157,183,1.0,74,107,0.5,213,251,1.3,1022,1066,6.3,2884,4118,17.7,360,390,2.2,4744,6149,29.1,2,2,0.0,36964,36992,226.6,0,0,0,0,0,0.0,4462,4741,27.3,340,342,2.1,3929,4159,24.1,193,240,1.2,10898,10899,66.8,1,1,0.0,10,10,0.1,25,25,0.2,6,6,0.0,15,15,0.1,105,105,0.6,216,230,1.3,4847,4876,64.0,5,5,0.0,32,34,0.2,387,400,5.1,57975,58341,355.3,2993,3161,18.3,298988,429180,1832.6
Ghaziabad (Uttar Pradesh),61,61,2.6,16,16,0.7,188,227,8.0,177,216,7.5,177,216,7.5,0,0,0.0,0,0,0,0,0,0.0,0,0,0.0,11,11,0.5,32,32,2.9,36,36,1.5,66,66,2.8,57,57,2.4,3,0,0.1,0,0,0.0,2390,2390,101.3,2291,2291,97.1,2050,2050,86.9,107,107,4.5,57,57,2.4,45,45,1.9,32,32,1.4,99,99,4.2,71,71,3.0,14,14,0.6,2,2,0.1,0,0,0,2,2,0.1,10,10,0.4,0,0,0.0,0,0,0.0,130,130,11.8,3,3,0.3,100,100,9.1,0,0,0.0,0,0,0.0,0,0,0.0,100,100,9.1,5,5,0.5,6,6,0.5,16,16,1.5,55,55,2.3,0,0,0.0,0,0,,0,0,0.0,0,0,,5,5,0.2,0,0,0.0,50,50,4.5,0,0,,0,0,0,0,0,0.0,1,1,0.0,0,0,0.0,0,0,,0,0,,68,68,6.2,0,0,0.0,0,0,0.0,3103,3139,131.5,0,0,0,0,0,0,0,0,0,0,0.0,16,16,0.7,0,0,0,0,0,0,0,0,0,0,0,0.0,0,0,0.0,0,0,0.0,0,0,0.0,0,0,0.0,0,0,0,0,0,0.0,0,0,0.0,0,0,0.0,0,0,0,0,0,0.0,0,0,0,16,16,0.7,11,11,0.5,11,11,0.5,0,0,0,0,0,0.0,27,27,1.1,2973,2973,126.0,2036,2036,86.3,937,937,39.7,144,144,6.1,33,33,1.4,111,111,4.7,36,36,1.5,51,51,2.2,29,29,1.2,1,1,0.0,1,1,0.0,0,0,0,3,0,0.1,3,3,0.1,365,365,15.5,581,581,24.6,4186,4183,177.4,10,10,0.4,0,0,0.0,0,0,0,0,0,0,10,10,0.4,649,650,27.5,24,24,1.0,0,0,0.0,0,0,0.0,24,24,1.0,0,0,0.0,311,311,13.2,314,315,13.3,659,660,27.9,12,12,0.5,26,26,1.1,0,0,0,0,0,0.0,410,540,17.4,66,66,2.8,91,91,3.9,253,383,10.7,0,0,0.0,0,0,0.0,12,12,0.5,7,7,0.3,7,7,0.3,2,2,0.1,3,3,0.1,279,279,11.8,611,611,55.5,0,0,0.0,342,342,14.5,0,0,0.0,1711,1841,72.5,174,175,7.4,9860,10025,418.0
Hyderabad (Telangana),79,79,1.0,12,12,0.2,332,381,4.3,317,366,4.1,66,66,0.9,251,300,3.2,0,0,0,0,0,0.0,0,0,0.0,15,15,0.2,11,11,0.3,47,69,0.6,236,236,3.0,2,2,0.0,19,0,0.2,31,31,0.4,2023,2024,26.1,1905,1905,24.6,161,161,2.1,1516,1516,19.6,132,132,1.7,96,96,1.2,0,0,0.0,118,119,1.5,72,73,0.9,26,26,0.3,0,0,0.0,2,2,0,18,18,0.2,0,0,0.0,0,0,0.0,236,236,3.0,468,477,12.4,147,156,3.9,64,64,1.7,9,9,0.2,16,16,0.4,1,1,0.0,38,38,1.0,20,20,0.5,26,26,0.7,211,211,5.6,609,626,7.9,574,591,7.4,110,115,,464,476,6.0,0,0,,0,0,0.0,1,1,0.0,15,15,0.4,8,8,,0,0,0,11,11,0.1,9,9,0.1,42,42,0.5,0,0,,0,0,,104,104,2.8,0,0,0.0,0,0,0.0,4260,4339,55.0,0,0,0,0,0,0,0,0,0,0,0.0,12,13,0.2,0,0,0,0,0,0,0,0,0,0,0,0.0,0,0,0.0,0,0,0.0,0,0,0.0,0,0,0.0,0,0,0,2,2,0.0,1,1,0.0,6,7,0.1,0,0,0,0,0,0.0,0,0,0,3,3,0.0,41,41,0.5,41,41,0.5,0,0,0,25,25,0.3,78,79,1.0,2995,2995,38.7,1399,1399,18.1,1596,1596,20.6,343,343,4.4,67,67,0.9,276,276,3.6,158,158,2.0,112,112,1.4,2,2,0.0,9,9,0.1,9,9,0.1,0,0,0,1,0,0.0,16,16,0.2,217,217,2.8,0,0,0.0,3853,3852,49.7,4,4,0.1,0,0,0.0,0,0,0,0,0,0,4,4,0.1,5794,5815,74.8,2365,2366,30.5,11,11,0.1,5,5,0.1,415,415,5.4,1934,1935,25.0,3414,3434,44.1,15,15,0.2,5798,5819,74.8,3,3,0.0,1106,1106,14.3,0,0,0,246,246,3.2,2152,2169,27.8,294,297,3.8,1564,1572,20.2,294,300,3.8,5,5,0.1,0,0,0.0,20,20,0.3,37,37,0.5,3,3,0.0,28,28,0.4,60,60,0.8,446,446,5.8,1577,1577,41.9,57,57,0.7,427,428,5.5,207,207,5.5,6374,6392,82.3,305,312,3.9,20668,20793,266.7
Indore (Madhya Pradesh),72,80,3.3,11,17,0.5,317,336,14.6,270,286,12.5,101,106,4.7,169,180,7.8,0,0,0,0,0,0.0,2,2,0.1,45,48,2.1,11,11,1.1,67,67,3.1,91,100,4.2,6,7,0.3,0,0,0.0,9,9,0.4,5668,5741,261.6,5518,5585,254.6,4268,4329,197.0,708,711,32.7,43,46,2.0,28,28,1.3,471,471,21.7,150,156,6.9,113,117,5.2,27,29,1.2,1,1,0.0,0,0,0,1,1,0.0,4,4,0.2,4,4,0.2,85,85,3.9,219,219,21.1,71,71,6.8,50,50,4.8,0,0,0.0,0,0,0.0,33,33,3.2,17,17,1.6,3,3,0.3,5,5,0.5,90,90,8.7,674,688,31.1,638,652,29.4,636,650,,2,2,0.1,0,0,,1,1,0.0,2,2,0.1,23,23,2.2,0,0,,0,0,0,10,10,0.5,4,4,0.2,2,3,0.1,0,0,,0,0,,174,174,16.8,2,2,0.2,11,11,0.5,7423,7554,342.5,0,0,0,0,0,0,0,0,0,1,0.0,22,37,1.0,0,0,0,0,0,0,0,0,0,2,2,0.1,0,0,0.0,0,0,0.0,3,7,0.1,0,0,0.0,0,0,0,2,6,0.1,2,2,0.1,5,7,0.2,0,0,0,0,0,0.0,0,0,0,8,13,0.4,3,3,0.1,3,3,0.1,0,0,0,9,9,0.4,35,49,1.6,3745,3747,172.8,3047,3049,140.6,698,698,32.2,584,584,26.9,117,117,5.4,467,467,21.6,25,25,1.2,67,67,3.1,3,3,0.1,0,0,0.0,0,0,0.0,0,0,0,54,0,2.5,0,0,0.0,78,78,3.6,2,2,0.1,4558,4506,210.3,0,0,0.0,0,0,0.0,0,0,0,0,0,0,0,0,0.0,484,484,22.3,190,190,8.8,8,8,0.4,0,0,0.0,9,9,0.4,173,173,8.0,284,284,13.1,10,10,0.5,484,484,22.3,1,1,0.0,141,141,6.5,0,0,0,2,2,0.1,3047,3172,140.6,596,596,27.5,1846,1956,85.2,605,620,27.9,9,9,0.4,1,1,0.0,44,44,2.0,7,7,0.3,4,4,0.2,3,3,0.1,28,28,1.3,68,68,3.1,532,532,51.2,1,1,0.0,31,31,1.4,20,20,1.9,3939,4064,181.8,197,207,9.1,16636,16864,767.7
Jaipur (Rajasthan),132,132,4.3,8,8,0.3,741,767,24.1,678,704,22.1,293,317,9.5,385,387,12.5,0,0,0,2,2,0.1,0,0,0.0,61,61,2.0,33,33,2.3,30,30,1.0,109,110,3.5,16,16,0.5,1,0,0.0,14,14,0.5,2299,2447,74.8,2289,2437,74.5,2187,2334,71.2,0,0,0.0,86,87,2.8,14,14,0.5,2,2,0.1,10,10,0.3,7,7,0.2,1,1,0.0,0,0,0.0,0,0,0,0,0,0.0,2,2,0.1,0,0,0.0,4,4,0.1,613,613,42.2,359,359,24.7,207,207,14.2,0,0,0.0,0,0,0.0,115,115,7.9,92,92,6.3,7,7,0.5,3,3,0.2,37,37,2.5,787,798,25.6,480,484,15.6,209,213,,271,271,8.8,0,0,,0,0,0.0,11,11,0.4,17,17,1.2,0,0,,0,0,0,279,286,9.1,1,1,0.0,0,0,0.0,0,0,,0,0,,497,497,34.2,27,27,1.9,13,13,0.4,5325,5510,173.3,0,0,0,0,0,0,0,0,0,430,14.0,37,37,1.2,0,0,0,0,0,0,0,0,0,0,0,0.0,0,0,0.0,0,0,0.0,2,2,0.1,0,0,0.0,0,0,0,4,4,0.1,6,6,0.2,0,0,0.0,0,0,0,0,0,0.0,0,0,0,25,25,0.8,1,1,0.0,1,1,0.0,0,0,0,0,0,0.0,468,38,15.2,9467,9467,308.1,6906,6906,224.7,2561,2561,83.3,905,906,29.5,278,279,9.0,627,627,20.4,127,127,4.1,168,168,5.5,0,0,0.0,7,7,0.2,7,7,0.2,0,0,0,2,0,0.1,2,2,0.1,102,102,3.3,1,1,0.0,10781,10780,350.8,4,4,0.1,0,0,0.0,0,0,0,0,0,0,4,4,0.1,5226,5226,170.1,1706,1706,55.5,0,0,0.0,23,23,0.7,2,2,0.1,1681,1681,54.7,3345,3345,108.9,175,175,5.7,5230,5230,170.2,0,0,0.0,4,4,0.1,0,0,0,0,0,0.0,1958,2039,63.7,96,96,3.1,1853,1934,60.3,9,9,0.3,1,1,0.0,0,0,0.0,0,0,0.0,0,0,0.0,0,0,0.0,1,1,0.0,17,17,0.6,43,43,1.4,1515,1515,104.2,1,1,0.0,9,9,0.3,5,5,0.3,3554,3635,115.7,2813,2239,91.5,28171,27432,916.7
Kanpur (Uttar Pradesh),81,81,2.8,20,20,0.7,575,575,19.7,0,0,0.0,0,0,0.0,0,0,0.0,0,0,0,0,0,0.0,0,0,0.0,575,575,19.7,43,43,3.2,0,0,0.0,52,52,1.8,39,39,1.3,0,0,0.0,0,0,0.0,172,172,5.9,21,21,0.7,0,0,0.0,0,0,0.0,21,21,0.7,0,0,0.0,0,0,0.0,151,151,5.2,149,149,5.1,0,0,0.0,2,2,0.1,0,0,0,0,0,0.0,0,0,0.0,0,0,0.0,0,0,0.0,366,366,27.4,0,0,0.0,240,240,18.0,0,0,0.0,0,0,0.0,0,0,0.0,240,240,18.0,93,93,7.0,8,8,0.6,25,25,1.9,341,341,11.7,85,85,2.9,0,0,,85,85,2.9,0,0,,14,14,0.5,1,1,0.0,241,241,18.1,0,0,,0,0,0,0,0,0.0,0,0,0.0,0,0,0.0,0,0,,0,0,,86,86,6.4,1,1,0.1,4,4,0.1,1780,1780,61.0,0,0,0,0,0,0,0,0,0,0,0.0,19,19,0.7,0,0,0,0,0,0,0,0,0,0,0,0.0,0,0,0.0,0,0,0.0,0,0,0.0,0,0,0.0,0,0,0,0,0,0.0,0,0,0.0,0,0,0.0,0,0,0,0,0,0.0,0,0,0,19,19,0.7,13,13,0.4,13,13,0.4,0,0,0,0,0,0.0,32,32,1.1,1235,1235,42.3,824,824,28.2,411,411,14.1,198,198,6.8,0,0,0.0,198,198,6.8,62,62,2.1,16,16,0.5,0,0,0.0,2,2,0.1,2,2,0.1,0,0,0,0,0,0.0,0,0,0.0,143,143,4.9,149,149,5.1,1805,1805,61.8,1,1,0.0,0,0,0.0,0,0,0,0,0,0,1,1,0.0,451,451,15.4,0,0,0.0,0,0,0.0,0,0,0.0,0,0,0.0,0,0,0.0,451,451,15.4,0,0,0.0,452,452,15.5,0,0,0.0,0,0,0.0,0,0,0,0,0,0.0,892,892,30.5,0,0,0.0,0,0,0.0,892,892,30.5,0,0,0.0,0,0,0.0,95,95,3.3,7,7,0.2,0,0,0.0,0,0,0.0,0,0,0.0,64,64,2.2,1075,1075,80.5,0,0,0.0,1091,1091,37.4,1,1,0.1,3225,3225,110.4,4427,4427,151.6,11721,11721,401.4
Kochi (Kerala),16,18,0.8,2,2,0.1,129,132,6.1,127,129,6.0,0,0,0.0,127,129,6.0,0,0,0,0,0,0.0,0,0,0.0,2,3,0.1,1,1,0.1,3,3,0.1,30,30,1.4,122,122,5.8,5,0,0.2,0,0,0.0,671,675,31.7,573,577,27.1,267,269,12.6,251,253,11.9,55,55,2.6,0,0,0.0,0,0,0.0,98,98,4.6,51,51,2.4,46,46,2.2,0,0,0.0,1,1,0,0,0,0.0,0,0,0.0,0,0,0.0,6,6,0.3,327,327,30.4,104,104,9.7,145,145,13.5,0,0,0.0,0,0,0.0,0,0,0.0,145,145,13.5,6,6,0.6,9,9,0.8,63,63,5.9,19,19,0.9,14,14,0.7,0,0,,14,14,0.7,0,0,,0,0,0.0,0,0,0.0,0,0,0.0,0,0,,0,0,0,5,5,0.2,1,1,0.0,0,0,0.0,0,0,,0,0,,97,97,9.0,2,2,0.2,2,2,0.1,1433,1437,67.7,0,0,0,0,0,0,0,0,0,124,5.9,3,3,0.1,0,0,0,0,0,0,0,0,0,0,0,0.0,0,0,0.0,0,0,0.0,0,0,0.0,0,0,0.0,0,0,0,0,0,0.0,0,0,0.0,3,3,0.1,0,0,0,0,0,0.0,0,0,0,0,0,0.0,2,3,0.1,2,3,0.1,0,0,0,95,95,4.5,224,101,10.6,296,296,14.0,134,134,6.3,162,162,7.6,112,112,5.3,28,28,1.3,84,84,4.0,10,10,0.5,72,74,3.4,6,6,0.3,5,5,0.2,5,5,0.2,0,0,0,0,0,0.0,0,0,0.0,18,18,0.8,0,0,0.0,519,521,24.5,4,4,0.2,1,1,0.0,0,0,0,0,0,0,3,3,0.1,423,423,20.0,0,0,0.0,0,0,0.0,0,0,0.0,0,0,0.0,0,0,0.0,390,390,18.4,33,33,1.6,427,427,20.2,1,1,0.0,3,3,0.1,0,0,0,0,0,0.0,9282,9320,438.2,7178,7178,338.9,375,383,17.7,1729,1759,81.6,696,698,32.9,0,0,0.0,52,52,2.5,1,1,0.0,7,7,0.3,42,42,2.0,4,4,0.2,60,60,2.8,153,153,14.2,0,0,0.0,48,48,2.3,66,66,6.1,10415,10455,491.7,255,190,12.0,13273,13131,626.7
Kolkata (West Bengal),34,34,0.2,15,15,0.1,234,235,1.7,216,217,1.5,0,0,0.0,216,217,1.5,0,0,0,0,0,0.0,0,0,0.0,18,18,0.1,4,4,0.1,16,16,0.1,131,131,0.9,13,13,0.1,0,0,0.0,0,0,0.0,2843,2843,20.1,2502,2502,17.7,1099,1099,7.8,1400,1400,9.9,0,0,0.0,3,3,0.0,0,0,0.0,341,341,2.4,130,130,0.9,208,208,1.5,2,2,0.0,1,1,0,0,0,0.0,0,0,0.0,0,0,0.0,0,0,0.0,241,241,3.5,127,127,1.9,25,25,0.4,0,0,0.0,0,0,0.0,0,0,0.0,25,25,0.4,14,14,0.2,21,21,0.3,54,54,0.8,452,452,3.2,409,409,2.9,347,347,,62,62,0.4,0,0,,1,1,0.0,11,11,0.1,11,11,0.2,15,15,,0,0,0,5,5,0.0,2,2,0.0,0,0,0.0,0,0,,0,0,,11,11,0.2,0,0,0.0,0,0,0.0,3996,3997,28.3,1,1,0,0,0,0,1,1,0,10,0.1,44,84,0.3,0,0,0,0,0,0,0,0,0,0,0,0.0,0,0,0.0,0,0,0.0,0,0,0.0,0,0,0.0,0,0,0,0,0,0.0,0,0,0.0,0,0,0.0,0,0,0,0,0,0.0,0,0,0,44,84,0.3,14,14,0.1,13,13,0.1,1,1,0,0,0,0.0,68,98,0.5,1197,1197,8.5,335,335,2.4,862,862,6.1,8,8,0.1,4,4,0.0,4,4,0.0,91,91,0.6,15,15,0.1,0,0,0.0,2,2,0.0,2,2,0.0,0,0,0,5,0,0.0,0,0,0.0,185,185,1.3,0,0,0.0,1503,1498,10.6,3,3,0.0,0,0,0.0,0,0,0,0,0,0,3,3,0.0,1825,1825,12.9,0,0,0.0,0,0,0.0,0,0,0.0,0,0,0.0,0,0,0.0,1789,1789,12.7,36,36,0.3,1828,1828,13.0,0,0,0.0,28,28,0.2,0,0,0,0,0,0.0,821,821,5.8,0,0,0.0,521,521,3.7,300,300,2.1,37,37,0.3,0,0,0.0,0,0,0.0,0,0,0.0,6,6,0.0,0,0,0.0,10,10,0.1,0,0,0.0,860,860,12.7,0,0,0.0,0,0,0.0,250,250,3.7,2012,2012,14.3,1630,1631,11.5,11038,11065,78.2
Kozhikode (Kerala),7,7,0.3,2,7,0.1,170,217,8.4,166,213,8.2,1,1,0.0,165,212,8.1,0,0,0,2,2,0.1,0,0,0.0,2,2,0.1,0,0,0.0,0,0,0.0,19,27,0.9,63,78,3.1,8,0,0.4,2,2,0.1,621,683,30.6,563,620,27.7,306,342,15.1,242,263,11.9,15,15,0.7,0,0,0.0,0,0,0.0,58,63,2.9,22,26,1.1,34,35,1.7,0,0,0.0,0,0,0,0,0,0.0,2,2,0.1,0,0,0.0,7,7,0.3,236,236,22.2,82,82,7.7,118,118,11.1,0,0,0.0,9,9,0.8,0,0,0.0,109,109,10.2,5,5,0.5,8,8,0.8,23,23,2.2,45,45,2.2,43,43,2.1,0,0,,43,43,2.1,0,0,,0,0,0.0,0,0,0.0,0,0,0.0,2,2,,0,0,0,0,0,0.0,1,1,0.0,0,0,0.0,0,0,,0,0,,42,42,3.9,2,2,0.2,12,12,0.6,1237,1366,60.9,0,0,0,0,0,0,0,0,0,25,1.2,221,244,10.9,0,0,0,0,0,0,0,0,0,2,12,0.1,0,0,0.0,0,0,0.0,16,22,0.8,0,0,0.0,0,0,0,0,0,0.0,0,0,0.0,18,18,0.9,0,0,0,185,192,9.1,0,0,0,0,0,0.0,0,0,0.0,0,0,0.0,0,0,0,18,18,0.9,264,262,13.0,342,351,16.8,216,225,10.6,126,126,6.2,191,191,9.4,59,59,2.9,132,132,6.5,3,3,0.1,54,54,2.7,0,0,0.0,3,3,0.1,3,3,0.1,0,0,0,0,0,0.0,0,0,0.0,12,12,0.6,0,0,0.0,605,614,29.8,1,1,0.0,0,0,0.0,0,0,0,0,0,0,1,1,0.0,178,187,8.8,14,15,0.7,12,13,0.6,1,1,0.0,1,1,0.0,0,0,0.0,139,147,6.8,25,25,1.2,179,188,8.8,0,0,0.0,3,3,0.1,0,0,0,0,0,0.0,4946,5235,243.5,3226,3239,158.8,317,353,15.6,1403,1643,69.1,52,52,2.6,0,0,0.0,50,50,2.5,0,0,0.0,2,2,0.1,1,1,0.0,7,7,0.3,76,86,3.7,342,344,32.1,0,0,0.0,7,7,0.3,37,37,3.5,5523,5824,271.9,266,265,13.1,8074,8519,397.5
Lucknow (Uttar Pradesh),131,131,4.5,40,40,1.4,361,361,12.4,361,361,12.4,355,355,12.2,6,6,0.2,0,0,0,0,0,0.0,0,0,0.0,0,0,0.0,43,43,3.1,44,50,1.5,158,163,5.4,49,49,1.7,0,0,0.0,0,0,0.0,1262,1271,43.5,1019,1027,35.1,590,598,20.3,102,102,3.5,59,59,2.0,257,257,8.9,11,11,0.4,243,244,8.4,225,225,7.8,14,15,0.5,0,0,0.0,0,0,0,4,4,0.1,0,0,0.0,0,0,0.0,89,89,3.1,387,387,28.0,293,293,21.2,0,0,0.0,0,0,0.0,0,0,0.0,0,0,0.0,0,0,0.0,50,50,3.6,9,9,0.7,35,35,2.5,293,293,10.1,45,45,1.6,45,45,,0,0,0.0,0,0,,0,0,0.0,0,0,0.0,248,248,17.9,0,0,,0,0,0,0,0,0.0,0,0,0.0,0,0,0.0,0,0,,0,0,,156,156,11.3,0,0,0.0,0,0,0.0,3013,3033,103.9,0,0,0,0,0,0,0,0,0,0,0.0,61,61,2.1,0,0,0,0,0,0,0,0,0,0,0,0.0,4,4,0.1,0,0,0.0,0,0,0.0,0,0,0.0,0,0,0,0,0,0.0,0,0,0.0,57,57,2.0,0,0,0,0,0,0.0,0,0,0,0,0,0.0,0,0,0.0,0,0,0.0,0,0,0,0,0,0.0,61,61,2.1,2626,2630,90.5,1458,1462,50.3,1168,1168,40.3,483,483,16.6,53,53,1.8,430,430,14.8,13,13,0.4,143,143,4.9,5,5,0.2,2,2,0.1,2,2,0.1,0,0,0,4,0,0.1,3,3,0.1,1601,1601,55.2,403,403,13.9,5283,5283,182.1,0,0,0.0,0,0,0.0,0,0,0,0,0,0,0,0,0.0,2101,2102,72.4,0,0,0.0,0,0,0.0,0,0,0.0,0,0,0.0,0,0,0.0,1844,1844,63.6,257,258,8.9,2101,2102,72.4,1,1,0.0,262,262,9.0,0,0,0,0,0,0.0,1120,1120,38.6,252,252,8.7,213,213,7.3,655,655,22.6,0,0,0.0,0,0,0.0,0,0,0.0,0,0,0.0,0,0,0.0,0,0,0.0,0,0,0.0,0,0,0.0,1038,1038,75.1,0,0,0.0,1988,1988,68.5,0,0,0.0,4409,4409,152.0,248,241,8.5,15115,15129,521.0
Mumbai (Maharashtra),135,139,0.7,13,13,0.1,492,525,2.7,407,433,2.2,208,212,1.1,199,221,1.1,0,0,0,5,5,0.0,0,0,0.0,80,87,0.4,6,6,0.1,50,50,0.3,245,251,1.3,2,2,0.0,23,0,0.1,18,18,0.1,4966,5023,27.0,3875,3904,21.0,30,30,0.2,3543,3567,19.2,238,241,1.3,10,10,0.1,54,56,0.3,1091,1119,5.9,405,421,2.2,654,666,3.6,1,1,0.0,1,1,0,3,3,0.0,27,27,0.1,0,0,0.0,40,40,0.2,1859,1859,21.8,819,819,9.6,335,335,3.9,15,15,0.2,5,5,0.1,0,0,0.0,315,315,3.7,65,65,0.8,64,64,0.8,576,576,6.8,1754,1811,9.5,1728,1781,9.4,1061,1098,,667,683,3.6,4,5,,1,3,0.0,2,2,0.0,3,3,0.0,3,3,,0,0,0,13,14,0.1,44,62,0.2,5,6,0.0,0,0,,0,0,,370,370,4.3,1,1,0.0,12,11,0.1,10035,10187,54.5,0,0,0,0,0,0,0,0,0,13,0.1,277,278,1.5,0,0,0,0,0,0,0,0,0,10,10,0.1,0,0,0.0,0,0,0.0,0,0,0.0,0,0,0.0,0,0,0,2,2,0.0,1,1,0.0,6,6,0.0,0,0,0,1,1,0.0,1,1,0,256,257,1.4,16,16,0.1,16,16,0.1,0,0,0,71,74,0.4,377,368,2.0,17876,17898,97.1,3058,3059,16.6,14818,14839,80.5,1621,1628,8.8,246,247,1.3,1375,1381,7.5,311,312,1.7,1036,1038,5.6,26,26,0.1,20,20,0.1,20,20,0.1,0,0,0,14,0,0.1,0,0,0.0,1093,1093,5.9,1,1,0.0,21998,22016,119.5,12,12,0.1,0,0,0.0,0,0,0,0,0,0,12,12,0.1,5855,5870,31.8,1863,1870,10.1,44,44,0.2,15,15,0.1,298,301,1.6,1506,1510,8.2,3277,3277,17.8,715,723,3.9,5867,5882,31.9,0,0,0.0,560,569,3.0,0,0,0,36,36,0.2,24439,24468,132.7,22337,22343,121.3,574,580,3.1,1528,1545,8.3,610,614,3.3,7,7,0.0,102,121,0.6,26,26,0.1,29,29,0.2,15,15,0.1,34,41,0.2,107,111,0.6,901,904,10.6,7,7,0.0,195,199,1.1,647,667,7.6,27715,27814,150.5,3297,3294,17.9,69289,69561,376.3
Nagpur (Maharashtra),65,70,2.6,8,11,0.3,316,354,12.7,294,332,11.8,294,332,11.8,0,0,0.0,0,0,0,0,0,0.0,0,0,0.0,22,22,0.9,2,2,0.2,28,28,1.1,102,109,4.1,1,1,0.0,14,0,0.6,5,5,0.2,901,928,36.1,642,656,25.7,9,9,0.4,554,568,22.2,32,32,1.3,15,15,0.6,32,32,1.3,259,272,10.4,113,121,4.5,145,150,5.8,1,1,0.0,0,0,0,0,0,0.0,0,0,0.0,0,0,0.0,12,12,0.5,230,230,18.8,72,72,5.9,61,61,5.0,0,0,0.0,0,0,0.0,0,0,0.0,61,61,5.0,11,11,0.9,5,5,0.4,81,81,6.6,460,489,18.4,445,474,17.8,99,107,,346,367,13.9,0,0,,2,2,0.1,3,3,0.1,6,6,0.5,2,2,,0,0,0,2,2,0.1,17,23,0.7,2,2,0.1,0,0,,0,0,,115,115,9.4,0,0,0.0,13,14,0.5,2291,2393,91.7,0,0,0,0,0,0,0,0,0,19,0.8,57,57,2.3,0,0,0,0,0,0,0,0,0,0,0,0.0,0,0,0.0,0,0,0.0,1,1,0.0,0,0,0.0,0,0,0,0,0,0.0,0,0,0.0,0,0,0.0,0,0,0,0,0,0.0,0,0,0,56,56,2.2,0,0,0.0,0,0,0.0,0,0,0,20,25,0.8,96,82,3.8,2503,2508,100.2,1553,1558,62.2,950,950,38.0,732,734,29.3,113,114,4.5,619,620,24.8,46,46,1.8,167,167,6.7,3,3,0.1,8,8,0.3,8,8,0.3,0,0,0,25,0,1.0,0,0,0.0,44,45,1.8,0,0,0.0,3528,3511,141.2,6,6,0.2,0,0,0.0,0,0,0,0,0,0,6,6,0.2,500,500,20.0,108,108,4.3,0,0,0.0,4,4,0.2,6,6,0.2,98,98,3.9,381,381,15.3,11,11,0.4,506,506,20.3,0,0,0.0,182,182,7.3,0,0,0,0,0,0.0,1025,1036,41.0,198,200,7.9,309,318,12.4,518,518,20.7,4232,4232,169.4,0,0,0.0,471,471,18.9,8,8,0.3,0,0,0.0,0,0,0.0,31,31,1.2,60,62,2.4,235,235,19.2,1,1,0.0,25,25,1.0,12,12,1.0,6282,6295,251.5,186,199,7.4,12889,12986,516.0
Patna (Bihar),107,107,5.2,0,0,0.0,172,172,8.4,172,172,8.4,58,58,2.8,114,114,5.6,0,0,0,0,0,0.0,0,0,0.0,0,0,0.0,22,22,2.3,0,0,0.0,361,361,17.6,0,0,0.0,0,0,0.0,0,0,0.0,3300,3306,161.2,2816,2822,137.6,2153,2153,105.2,663,669,32.4,0,0,0.0,0,0,0.0,0,0,0.0,484,484,23.6,484,484,23.6,0,0,0.0,0,0,0.0,0,0,0,0,0,0.0,0,0,0.0,0,0,0.0,0,0,0.0,61,131,6.4,61,131,6.4,0,0,0.0,0,0,0.0,0,0,0.0,0,0,0.0,0,0,0.0,0,0,0.0,0,0,0.0,0,0,0.0,664,664,32.4,39,39,1.9,17,17,,22,22,1.1,0,0,,6,6,0.3,4,4,0.2,191,191,19.9,0,0,,0,0,0,424,424,20.7,0,0,0.0,0,0,0.0,0,0,,0,0,,54,54,5.6,0,0,0.0,0,0,0.0,4741,4817,231.6,0,0,0,0,0,0,0,0,0,0,0.0,80,80,3.9,0,0,0,0,0,0,0,0,0,0,0,0.0,0,0,0.0,9,9,0.4,0,0,0.0,16,16,0.8,0,0,0,55,55,2.7,0,0,0.0,0,0,0.0,0,0,0,0,0,0.0,0,0,0,0,0,0.0,0,0,0.0,0,0,0.0,0,0,0,0,0,0.0,80,80,3.9,5545,5697,270.9,3964,4116,193.6,1581,1581,77.2,299,299,14.6,0,0,0.0,299,299,14.6,22,22,1.1,77,77,3.8,0,0,0.0,13,13,0.6,13,13,0.6,0,0,0,0,0,0.0,0,0,0.0,0,0,0.0,0,0,0.0,5956,6108,291.0,0,0,0.0,0,0,0.0,0,0,0,0,0,0,0,0,0.0,1532,1532,74.8,222,222,10.8,0,0,0.0,98,98,4.8,124,124,6.1,0,0,0.0,1310,1310,64.0,0,0,0.0,1532,1532,74.8,0,0,0.0,0,0,0.0,0,0,0,0,0,0.0,103,103,5.0,0,0,0.0,103,103,5.0,0,0,0.0,0,0,0.0,0,0,0.0,0,0,0.0,0,0,0.0,0,0,0.0,0,0,0.0,0,0,0.0,0,0,0.0,110,110,11.5,0,0,0.0,0,0,0.0,0,0,0.0,213,213,10.4,0,0,0.0,12522,12750,611.7
Pune (Maharashtra),105,105,2.1,6,6,0.1,350,352,6.9,332,334,6.6,169,171,3.3,163,163,3.2,0,0,0,0,0,0.0,0,0,0.0,18,18,0.4,9,9,0.4,26,51,0.5,342,342,6.8,6,6,0.1,3,0,0.1,13,13,0.3,1227,1231,24.3,930,934,18.4,8,10,0.2,817,819,16.2,67,67,1.3,9,9,0.2,29,29,0.6,297,297,5.9,80,80,1.6,164,164,3.2,0,0,0.0,0,0,0,0,0,0.0,53,53,1.0,0,0,0.0,34,34,0.7,474,474,19.8,162,162,6.8,157,157,6.6,3,3,0.1,0,0,0.0,0,0,0.0,154,154,6.4,12,12,0.5,12,12,0.5,131,131,5.5,693,732,13.7,674,713,13.3,143,181,,531,532,10.5,1,1,,2,2,0.0,5,5,0.1,5,5,0.2,0,0,,0,0,0,6,6,0.1,18,37,0.4,2,2,0.0,0,0,,0,0,,305,307,12.8,0,0,0.0,11,12,0.2,3624,3713,71.8,0,0,0,0,0,0,0,0,0,11,0.2,202,210,4.0,0,0,0,0,0,0,0,0,0,0,0,0.0,0,0,0.0,0,0,0.0,0,0,0.0,0,0,0.0,0,0,0,1,1,0.0,7,15,0.1,39,39,0.8,0,0,0,0,0,0.0,0,0,0,155,155,3.1,12,12,0.2,12,12,0.2,0,0,0,28,28,0.6,253,250,5.0,3257,3257,64.5,1901,1901,37.6,1356,1356,26.9,612,614,12.1,143,143,2.8,469,471,9.3,112,112,2.2,407,407,8.1,3,3,0.1,30,30,0.6,30,30,0.6,0,0,0,24,0,0.5,0,0,0.0,67,67,1.3,0,0,0.0,4512,4490,89.3,0,0,0.0,0,0,0.0,0,0,0,0,0,0,0,0,0.0,956,959,18.9,288,289,5.7,20,20,0.4,0,0,0.0,13,13,0.3,255,256,5.0,615,615,12.2,53,55,1.0,956,959,18.9,1,1,0.0,84,84,1.7,0,0,0,2,2,0.0,766,766,15.2,98,98,1.9,258,258,5.1,410,410,8.1,49,49,1.0,4,4,0.1,10,10,0.2,4,4,0.1,0,0,0.0,17,17,0.3,13,13,0.3,107,107,2.1,466,466,19.5,1,1,0.0,27,27,0.5,40,40,1.7,1591,1591,31.5,138,155,2.7,11074,11158,219.3
Surat (Gujarat),100,102,2.2,11,18,0.2,245,245,5.3,236,236,5.1,199,199,4.3,37,37,0.8,0,0,0,0,0,0.0,0,0,0.0,9,9,0.2,2,2,0.1,35,35,0.8,57,73,1.2,0,0,0.0,0,0,0.0,13,13,0.3,468,470,10.2,282,282,6.2,0,0,0.0,255,255,5.6,20,20,0.4,2,2,0.0,5,5,0.1,186,188,4.1,104,106,2.3,70,70,1.5,0,0,0.0,0,0,0,0,0,0.0,12,12,0.3,0,0,0.0,1,1,0.0,61,61,3.1,61,61,3.1,0,0,0.0,0,0,0.0,0,0,0.0,0,0,0.0,0,0,0.0,0,0,0.0,0,0,0.0,0,0,0.0,304,309,6.6,282,287,6.2,257,262,,25,25,0.5,0,0,,0,0,0.0,1,1,0.0,0,0,0.0,0,0,,0,0,0,21,21,0.5,1,1,0.0,0,0,0.0,0,0,,0,0,,52,52,2.6,0,0,0.0,1,1,0.0,1351,1383,29.5,0,0,0,1,1,0,1,1,0,0,0.0,14,14,0.3,0,0,0,0,0,0,0,0,0,0,0,0.0,0,0,0.0,0,0,0.0,0,0,0.0,0,0,0.0,0,0,0,0,0,0.0,3,3,0.1,11,11,0.2,0,0,0,0,0,0.0,0,0,0,0,0,0.0,5,5,0.1,5,5,0.1,0,0,0,6,6,0.1,25,25,0.5,1764,1764,38.5,965,965,21.0,799,799,17.4,276,276,6.0,37,37,0.8,239,239,5.2,39,39,0.9,56,56,1.2,3,3,0.1,5,5,0.1,5,5,0.1,0,0,0,0,0,0.0,0,0,0.0,180,186,3.9,18,18,0.4,2341,2347,51.1,4,4,0.1,3,3,0.1,0,0,0,0,0,0,1,1,0.0,490,503,10.7,0,0,0.0,0,0,0.0,0,0,0.0,0,0,0.0,0,0,0.0,418,431,9.1,72,72,1.6,494,507,10.8,0,0,0.0,741,0,16.2,0,0,0,0,0,0.0,919,573,20.0,530,128,11.6,50,55,1.1,339,390,7.4,1094,0,23.9,2,2,0.0,2,2,0.0,1,1,0.0,0,0,0.0,3,3,0.1,11,15,0.2,32,32,0.7,274,274,13.9,0,0,0.0,1107,1107,24.1,1,1,0.1,4187,2010,91.3,1473,238,32.1,9872,6511,215.3
